{"cameraMode":{"drawMode":0,"name":"Shaded","section":"Shading Mode"},"sceneLighting":true,"audioPlay":false,"sceneViewState":{"showFog":true,"showMaterialUpdate":false,"showSkybox":true,"showFlares":true,"showImageEffects":true,"showParticleSystems":true},"in2DMode":false,"pivot":{"x":-0.20210444927215577,"y":2.420039653778076,"z":0.48802614212036135},"rotation":{"x":0.008376055397093296,"y":0.9900031685829163,"z":-0.0669269934296608,"w":0.1238960474729538},"size":5.757323741912842,"orthographic":false}